{
  "accuracy": 0.9666666666666667,
  "f1_macro": 0.9665831244778612,
  "n_train": 120,
  "n_val": 30,
  "train_seconds": 0.017902612686157227
}