{
  "accuracy": 0.6,
  "f1_macro": 0.6046262582994217,
  "n_train": 160,
  "n_val": 40,
  "train_seconds": 0.007195711135864258
}